product_id,product_name,unit_sold,list_price,discount,discounted_price,total_sales_per_product
14,Electra Girl's Hawaii 1 (16-inch) - 2015/2016,29,269.99,0.07,251.0907,12667.9308
18,Pure Cycles Western 3-Speed - Women's - 2015/2016,29,449.00,0.20,359.2000,20923.4000
19,Pure Cycles William 3-Speed - 2016,29,449.00,0.20,359.2000,29476.8500
3,Surly Wednesday Frameset - 2016,28,999.99,0.07,929.9907,46739.5326
8,Trek Remedy 29 Carbon Frameset - 2016,28,1799.99,0.07,1673.9907,81431.5476
20,Electra Townie Original 7D EQ - Women's - 2016,28,599.99,0.10,539.9910,29069.5155
11,Surly Straggler 650b - 2016,27,1680.99,0.05,1596.9405,43117.3935
16,Electra Townie Original 7D EQ - 2016,27,599.99,0.07,557.9907,15065.7489
2,Ritchey Timberwolf Frameset - 2016,26,749.99,0.05,712.4905,18524.7530
4,Trek Fuel EX 8 29 - 2016,26,2899.99,0.10,2609.9910,67859.7660
18,Pure Cycles Western 3-Speed - Women's - 2015/2016,26,449.00,0.10,404.1000,20923.4000
17,Pure Cycles Vine 8-Speed - 2016,25,429.00,0.20,343.2000,8580.0000
19,Pure Cycles William 3-Speed - 2016,25,449.00,0.10,404.1000,29476.8500
20,Electra Townie Original 7D EQ - Women's - 2016,25,599.99,0.07,557.9907,29069.5155
36,Surly Troll Frameset - 2017,25,832.99,0.10,749.6910,34477.4561
8,Trek Remedy 29 Carbon Frameset - 2016,24,1799.99,0.20,1439.9920,81431.5476
3,Surly Wednesday Frameset - 2016,23,999.99,0.10,899.9910,46739.5326
26,Electra Townie Original 7D EQ - 2016,23,599.99,0.10,539.9910,12419.7930
65,Sun Bicycles Lil Bolt Type-R - 2017,23,346.99,0.07,322.7007,18681.9416
21,Electra Cruiser 1 (24-Inch) - 2016,22,269.99,0.20,215.9920,4751.8240
5,Heller Shagamaw Frame - 2016,21,1320.99,0.07,1228.5207,25798.9347
14,Electra Girl's Hawaii 1 (16-inch) - 2015/2016,21,269.99,0.05,256.4905,12667.9308
19,Pure Cycles William 3-Speed - 2016,21,449.00,0.05,426.5500,29476.8500
24,Electra Townie Original 21D - 2016,21,549.99,0.20,439.9920,9239.8320
45,Haro SR 1.2 - 2017,20,869.99,0.20,695.9920,39862.9418
95,"""Electra Girl's Hawaii 1 16"""" - 2017""",19,299.99,0.05,284.9905,12785.5738
62,Trek Boone 7 - 2017,18,3499.99,0.20,2799.9920,127609.6354
41,Haro Shift R3 - 2017,17,1469.99,0.05,1396.4905,46980.8804
71,Sun Bicycles Atlas X-Type - 2017,17,416.99,0.05,396.1405,15620.4454
85,Haro Downtown 16 - 2017,17,329.99,0.20,263.9920,8464.2435
33,Surly Wednesday Frameset - 2017,16,469.99,0.10,422.9910,14367.5943
42,Trek Fuel EX 5 27.5 Plus - 2017,16,2299.99,0.20,1839.9920,67849.7050
48,Trek Emonda S 4 - 2017,16,1499.99,0.05,1424.9905,57359.6176
58,Trek Madone 9.2 - 2017,16,4999.99,0.07,4649.9907,175899.6482
103,Sun Bicycles Streamway 3 - 2017,16,551.99,0.05,524.3905,19363.8092
30,Surly Ice Cream Truck Frameset - 2017,15,999.99,0.05,949.9905,27269.7273
49,Trek Domane SL 6 - 2017,15,3499.99,0.20,2799.9920,113644.6753
61,Trek Powerfly 8 FS Plus - 2017,15,4999.99,0.05,4749.9905,188249.6235
65,Sun Bicycles Lil Bolt Type-R - 2017,15,346.99,0.20,277.5920,18681.9416
106,Sun Bicycles Cruz 3 - 2017,15,449.99,0.05,427.4905,17036.6214
38,Haro Flightline Two 26 Plus - 2017,14,549.99,0.07,511.4907,14008.2453
45,Haro SR 1.2 - 2017,14,869.99,0.07,809.0907,39862.9418
56,Trek Domane SLR 6 Disc - 2017,14,5499.99,0.07,5114.9907,211584.6153
66,Sun Bicycles Revolutions 24 - 2017,14,250.99,0.10,225.8910,8011.6008
78,Sun Bicycles Biscayne Tandem CB - 2017,14,647.99,0.05,615.5905,22899.9666
82,Electra Amsterdam Original 3i Ladies' - 2017,14,659.99,0.20,527.9920,17793.3304
92,Haro Shredder 20 - 2017,14,209.99,0.20,167.9920,7183.7579
102,Electra Townie Original 7D - 2017,14,489.99,0.10,440.9910,17502.4428
29,Trek X-Caliber 8 - 2017,13,999.99,0.20,799.9920,30939.6906
61,Trek Powerfly 8 FS Plus - 2017,13,4999.99,0.10,4499.9910,188249.6235
65,Sun Bicycles Lil Bolt Type-R - 2017,13,346.99,0.05,329.6405,18681.9416
76,"""Electra Girl's Hawaii 1 16"""" - 2017""",13,299.99,0.07,278.9907,7301.7566
81,Electra Amsterdam Fashion 7i Ladies' - 2017,13,1099.99,0.07,1022.9907,39863.6376
100,Electra Townie 3i EQ (20-inch) - Boys' - 2017,13,489.99,0.05,465.4905,17125.1505
102,Electra Townie Original 7D - 2017,13,489.99,0.05,465.4905,17502.4428
107,Sun Bicycles Cruz 7 - 2017,13,416.99,0.05,396.1405,9361.4255
108,Sun Bicycles Cruz 3 - Women's - 2017,13,449.99,0.20,359.9920,12622.2195
33,Surly Wednesday Frameset - 2017,12,469.99,0.20,375.9920,14367.5943
37,Haro Flightline One ST - 2017,12,379.99,0.10,341.9910,10430.7255
43,Trek Fuel EX 9.8 27.5 Plus - 2017,12,5299.99,0.07,4928.9907,159052.6999
45,Haro SR 1.2 - 2017,12,869.99,0.05,826.4905,39862.9418
48,Trek Emonda S 4 - 2017,12,1499.99,0.10,1349.9910,57359.6176
52,Surly Steamroller - 2017,12,875.99,0.05,832.1905,27690.0439
55,Trek Domane S 6 - 2017,12,2699.99,0.20,2159.9920,93527.6536
56,Trek Domane SLR 6 Disc - 2017,12,5499.99,0.20,4399.9920,211584.6153
62,Trek Boone 7 - 2017,12,3499.99,0.10,3149.9910,127609.6354
67,Sun Bicycles Revolutions 24 - Girl's - 2017,12,250.99,0.20,200.7920,5436.4434
71,Sun Bicycles Atlas X-Type - 2017,12,416.99,0.10,375.2910,15620.4454
75,Electra Cruiser Lux Fat Tire 1 Ladies - 2017,12,599.99,0.05,569.9905,14747.7542
77,Electra Glam Punk 3i Ladies' - 2017,12,799.99,0.07,743.9907,27647.6544
77,Electra Glam Punk 3i Ladies' - 2017,12,799.99,0.05,759.9905,27647.6544
88,Trek Precaliber 12 Girls - 2017,12,189.99,0.20,151.9920,5198.1264
89,Trek Precaliber 16 Boys - 2017,12,209.99,0.10,188.9910,5113.2565
91,Trek Precaliber 24 (21-Speed) - Girls - 2017,12,349.99,0.05,332.4905,12179.6520
91,Trek Precaliber 24 (21-Speed) - Girls - 2017,12,349.99,0.20,279.9920,12179.6520
92,Haro Shredder 20 - 2017,12,209.99,0.07,195.2907,7183.7579
93,Haro Shredder 20 Girls - 2017,12,209.99,0.10,188.9910,7364.3493
96,Electra Moto 3i (20-inch) - Boy's - 2017,12,349.99,0.07,325.4907,9680.7234
101,Electra Townie 7D (20-inch) - Boys' - 2017,12,339.99,0.20,271.9920,12079.8447
27,Surly Big Dummy Frameset - 2017,11,999.99,0.07,929.9907,27679.7232
28,Surly Karate Monkey 27.5+ Frameset - 2017,11,2499.99,0.05,2374.9905,87474.6501
28,Surly Karate Monkey 27.5+ Frameset - 2017,11,2499.99,0.10,2249.9910,87474.6501
50,Trek Silque SLR 7 Women's - 2017,11,5999.99,0.07,5579.9907,163079.7282
56,Trek Domane SLR 6 Disc - 2017,11,5499.99,0.05,5224.9905,211584.6153
60,Sun Bicycles ElectroLite - 2017,11,1559.99,0.20,1247.9920,47049.2984
64,Electra Townie Original 7D - 2017,11,489.99,0.10,440.9910,11661.7620
72,Sun Bicycles Biscayne Tandem 7 - 2017,11,619.99,0.10,557.9910,18289.7050
81,Electra Amsterdam Fashion 7i Ladies' - 2017,11,1099.99,0.05,1044.9905,39863.6376
83,Trek Boy's Kickster - 2015/2017,11,149.99,0.05,142.4905,3236.7842
87,Trek Precaliber 12 Boys - 2017,11,189.99,0.20,151.9920,4972.0383
97,Electra Savannah 3i (20-inch) - Girl's - 2017,11,349.99,0.10,314.9910,10258.2069
99,Electra Sugar Skulls 1 (20-inch) - Girl's - 2017,11,299.99,0.10,269.9910,9095.6968
100,Electra Townie 3i EQ (20-inch) - Boys' - 2017,11,489.99,0.20,391.9920,17125.1505
101,Electra Townie 7D (20-inch) - Boys' - 2017,11,339.99,0.07,316.1907,12079.8447
105,Sun Bicycles Streamway 7 - 2017,11,533.99,0.07,496.6107,17637.6897
105,Sun Bicycles Streamway 7 - 2017,11,533.99,0.10,480.5910,17637.6897
106,Sun Bicycles Cruz 3 - 2017,11,449.99,0.10,404.9910,17036.6214
29,Trek X-Caliber 8 - 2017,10,999.99,0.05,949.9905,30939.6906
32,Trek Farley Alloy Frameset - 2017,10,469.99,0.07,437.0907,11937.7460
37,Haro Flightline One ST - 2017,10,379.99,0.07,353.3907,10430.7255
40,Trek Fuel EX 9.8 29 - 2017,10,4999.99,0.10,4499.9910,147449.7051
43,Trek Fuel EX 9.8 27.5 Plus - 2017,10,5299.99,0.10,4769.9910,159052.6999
46,Haro SR 1.3 - 2017,10,1409.99,0.07,1311.2907,34121.7580
51,Trek Silque SLR 8 Women's - 2017,10,6499.99,0.07,6044.9907,174524.7315
51,Trek Silque SLR 8 Women's - 2017,10,6499.99,0.10,5849.9910,174524.7315
55,Trek Domane S 6 - 2017,10,2699.99,0.05,2564.9905,93527.6536
61,Trek Powerfly 8 FS Plus - 2017,10,4999.99,0.07,4649.9907,188249.6235
66,Sun Bicycles Revolutions 24 - 2017,10,250.99,0.20,200.7920,8011.6008
69,Sun Bicycles Cruz 7 - 2017,10,416.99,0.05,396.1405,10996.0263
70,Electra Amsterdam Original 3i - 2015/2017,10,659.99,0.05,626.9905,18987.9123
78,Sun Bicycles Biscayne Tandem CB - 2017,10,647.99,0.10,583.1910,22899.9666
86,Trek Girl's Kickster - 2017,10,149.99,0.05,142.4905,3193.2871
87,Trek Precaliber 12 Boys - 2017,10,189.99,0.10,170.9910,4972.0383
90,Trek Precaliber 16 Girls - 2017,10,209.99,0.10,188.9910,4577.7820
91,Trek Precaliber 24 (21-Speed) - Girls - 2017,10,349.99,0.07,325.4907,12179.6520
92,Haro Shredder 20 - 2017,10,209.99,0.10,188.9910,7183.7579
93,Haro Shredder 20 Girls - 2017,10,209.99,0.05,199.4905,7364.3493
95,"""Electra Girl's Hawaii 1 16"""" - 2017""",10,299.99,0.10,269.9910,12785.5738
99,Electra Sugar Skulls 1 (20-inch) - Girl's - 2017,10,299.99,0.05,284.9905,9095.6968
100,Electra Townie 3i EQ (20-inch) - Boys' - 2017,10,489.99,0.07,455.6907,17125.1505
103,Sun Bicycles Streamway 3 - 2017,10,551.99,0.20,441.5920,19363.8092
104,Sun Bicycles Streamway - 2017,10,481.99,0.20,385.5920,12816.1141
109,Sun Bicycles Cruz 7 - Women's - 2017,10,416.99,0.20,333.5920,12968.3890
109,Sun Bicycles Cruz 7 - Women's - 2017,10,416.99,0.07,387.8007,12968.3890
110,Sun Bicycles Drifter 7 - 2017,10,470.99,0.07,438.0207,10644.3740
27,Surly Big Dummy Frameset - 2017,9,999.99,0.20,799.9920,27679.7232
28,Surly Karate Monkey 27.5+ Frameset - 2017,9,2499.99,0.20,1999.9920,87474.6501
35,Sun Bicycles Spider 3i - 2017,9,832.99,0.10,749.6910,19491.9660
47,Trek Remedy 9.8 - 2017,9,5299.99,0.05,5034.9905,105469.8010
49,Trek Domane SL 6 - 2017,9,3499.99,0.07,3254.9907,113644.6753
50,Trek Silque SLR 7 Women's - 2017,9,5999.99,0.05,5699.9905,163079.7282
51,Trek Silque SLR 8 Women's - 2017,9,6499.99,0.05,6174.9905,174524.7315
52,Surly Steamroller - 2017,9,875.99,0.10,788.3910,27690.0439
54,Trek Domane SL Disc Frameset - 2017,9,3199.99,0.05,3039.9905,68511.7859
55,Trek Domane S 6 - 2017,9,2699.99,0.10,2429.9910,93527.6536
59,Trek Domane S 5 Disc - 2017,9,2599.99,0.20,2079.9920,59513.7711
60,Sun Bicycles ElectroLite - 2017,9,1559.99,0.05,1481.9905,47049.2984
63,Trek Boone Race Shop Limited - 2017,9,3499.99,0.07,3254.9907,91244.7393
65,Sun Bicycles Lil Bolt Type-R - 2017,9,346.99,0.10,312.2910,18681.9416
68,Sun Bicycles Cruz 3 - 2017,9,449.99,0.07,418.4907,10673.7628
69,Sun Bicycles Cruz 7 - 2017,9,416.99,0.07,387.8007,10996.0263
70,Electra Amsterdam Original 3i - 2015/2017,9,659.99,0.07,613.7907,18987.9123
72,Sun Bicycles Biscayne Tandem 7 - 2017,9,619.99,0.05,588.9905,18289.7050
73,Sun Bicycles Brickell Tandem 7 - 2017,9,749.99,0.05,712.4905,19544.7394
79,Sun Bicycles Boardwalk (24-inch Wheels) - 2017,9,402.99,0.10,362.6910,7447.2552
80,Sun Bicycles Brickell Tandem CB - 2017,9,761.99,0.07,708.6507,13045.2688
81,Electra Amsterdam Fashion 7i Ladies' - 2017,9,1099.99,0.10,989.9910,39863.6376
84,Sun Bicycles Lil Kitt'n - 2017,9,109.99,0.20,87.9920,2328.4883
86,Trek Girl's Kickster - 2017,9,149.99,0.20,119.9920,3193.2871
87,Trek Precaliber 12 Boys - 2017,9,189.99,0.07,176.6907,4972.0383
88,Trek Precaliber 12 Girls - 2017,9,189.99,0.05,180.4905,5198.1264
90,Trek Precaliber 16 Girls - 2017,9,209.99,0.20,167.9920,4577.7820
93,Haro Shredder 20 Girls - 2017,9,209.99,0.07,195.2907,7364.3493
94,Haro Shredder Pro 20 - 2017,9,249.99,0.05,237.4905,6227.2509
94,Haro Shredder Pro 20 - 2017,9,249.99,0.10,224.9910,6227.2509
95,"""Electra Girl's Hawaii 1 16"""" - 2017""",9,299.99,0.20,239.9920,12785.5738
95,"""Electra Girl's Hawaii 1 16"""" - 2017""",9,299.99,0.07,278.9907,12785.5738
97,Electra Savannah 3i (20-inch) - Girl's - 2017,9,349.99,0.20,279.9920,10258.2069
99,Electra Sugar Skulls 1 (20-inch) - Girl's - 2017,9,299.99,0.20,239.9920,9095.6968
101,Electra Townie 7D (20-inch) - Boys' - 2017,9,339.99,0.10,305.9910,12079.8447
102,Electra Townie Original 7D - 2017,9,489.99,0.07,455.6907,17502.4428
105,Sun Bicycles Streamway 7 - 2017,9,533.99,0.20,427.1920,17637.6897
106,Sun Bicycles Cruz 3 - 2017,9,449.99,0.20,359.9920,17036.6214
109,Sun Bicycles Cruz 7 - Women's - 2017,9,416.99,0.10,375.2910,12968.3890
28,Surly Karate Monkey 27.5+ Frameset - 2017,8,2499.99,0.07,2324.9907,87474.6501
29,Trek X-Caliber 8 - 2017,8,999.99,0.07,929.9907,30939.6906
31,Surly Wednesday - 2017,8,1632.99,0.07,1518.6807,26438.1081
32,Trek Farley Alloy Frameset - 2017,8,469.99,0.10,422.9910,11937.7460
34,Trek Session DH 27.5 Carbon Frameset - 2017,8,469.99,0.05,446.4905,6781.9557
36,Surly Troll Frameset - 2017,8,832.99,0.07,774.6807,34477.4561
37,Haro Flightline One ST - 2017,8,379.99,0.20,303.9920,10430.7255
39,Trek Stache 5 - 2017,8,1499.99,0.05,1424.9905,33719.7752
40,Trek Fuel EX 9.8 29 - 2017,8,4999.99,0.07,4649.9907,147449.7051
40,Trek Fuel EX 9.8 29 - 2017,8,4999.99,0.20,3999.9920,147449.7051
44,Haro SR 1.1 - 2017,8,539.99,0.07,502.1907,10740.4011
48,Trek Emonda S 4 - 2017,8,1499.99,0.07,1394.9907,57359.6176
49,Trek Domane SL 6 - 2017,8,3499.99,0.05,3324.9905,113644.6753
55,Trek Domane S 6 - 2017,8,2699.99,0.07,2510.9907,93527.6536
58,Trek Madone 9.2 - 2017,8,4999.99,0.05,4749.9905,175899.6482
58,Trek Madone 9.2 - 2017,8,4999.99,0.20,3999.9920,175899.6482
59,Trek Domane S 5 Disc - 2017,8,2599.99,0.10,2339.9910,59513.7711
63,Trek Boone Race Shop Limited - 2017,8,3499.99,0.10,3149.9910,91244.7393
64,Electra Townie Original 7D - 2017,8,489.99,0.20,391.9920,11661.7620
66,Sun Bicycles Revolutions 24 - 2017,8,250.99,0.05,238.4405,8011.6008
70,Electra Amsterdam Original 3i - 2015/2017,8,659.99,0.20,527.9920,18987.9123
72,Sun Bicycles Biscayne Tandem 7 - 2017,8,619.99,0.20,495.9920,18289.7050
74,Electra Cruiser Lux 1 - 2017,8,439.99,0.05,417.9905,10432.1629
74,Electra Cruiser Lux 1 - 2017,8,439.99,0.10,395.9910,10432.1629
77,Electra Glam Punk 3i Ladies' - 2017,8,799.99,0.10,719.9910,27647.6544
78,Sun Bicycles Biscayne Tandem CB - 2017,8,647.99,0.07,602.6307,22899.9666
93,Haro Shredder 20 Girls - 2017,8,209.99,0.20,167.9920,7364.3493
94,Haro Shredder Pro 20 - 2017,8,249.99,0.20,199.9920,6227.2509
96,Electra Moto 3i (20-inch) - Boy's - 2017,8,349.99,0.20,279.9920,9680.7234
98,Electra Straight 8 3i (20-inch) - Boy's - 2017,8,489.99,0.20,391.9920,8638.5237
101,Electra Townie 7D (20-inch) - Boys' - 2017,8,339.99,0.05,322.9905,12079.8447
104,Sun Bicycles Streamway - 2017,8,481.99,0.07,448.2507,12816.1141
108,Sun Bicycles Cruz 3 - Women's - 2017,8,449.99,0.05,427.4905,12622.2195
111,Sun Bicycles Drifter 7 - Women's - 2017,8,470.99,0.10,423.8910,10027.3771
27,Surly Big Dummy Frameset - 2017,7,999.99,0.05,949.9905,27679.7232
35,Sun Bicycles Spider 3i - 2017,7,832.99,0.05,791.3405,19491.9660
36,Surly Troll Frameset - 2017,7,832.99,0.05,791.3405,34477.4561
40,Trek Fuel EX 9.8 29 - 2017,7,4999.99,0.05,4749.9905,147449.7051
41,Haro Shift R3 - 2017,7,1469.99,0.07,1367.0907,46980.8804
42,Trek Fuel EX 5 27.5 Plus - 2017,7,2299.99,0.05,2184.9905,67849.7050
43,Trek Fuel EX 9.8 27.5 Plus - 2017,7,5299.99,0.05,5034.9905,159052.6999
46,Haro SR 1.3 - 2017,7,1409.99,0.20,1127.9920,34121.7580
52,Surly Steamroller - 2017,7,875.99,0.07,814.6707,27690.0439
52,Surly Steamroller - 2017,7,875.99,0.20,700.7920,27690.0439
54,Trek Domane SL Disc Frameset - 2017,7,3199.99,0.20,2559.9920,68511.7859
57,Trek Emonda S 5 - 2017,7,1999.99,0.10,1799.9910,41079.7946
57,Trek Emonda S 5 - 2017,7,1999.99,0.05,1899.9905,41079.7946
58,Trek Madone 9.2 - 2017,7,4999.99,0.10,4499.9910,175899.6482
60,Sun Bicycles ElectroLite - 2017,7,1559.99,0.10,1403.9910,47049.2984
60,Sun Bicycles ElectroLite - 2017,7,1559.99,0.07,1450.7907,47049.2984
62,Trek Boone 7 - 2017,7,3499.99,0.07,3254.9907,127609.6354
68,Sun Bicycles Cruz 3 - 2017,7,449.99,0.10,404.9910,10673.7628
68,Sun Bicycles Cruz 3 - 2017,7,449.99,0.05,427.4905,10673.7628
71,Sun Bicycles Atlas X-Type - 2017,7,416.99,0.07,387.8007,15620.4454
73,Sun Bicycles Brickell Tandem 7 - 2017,7,749.99,0.20,599.9920,19544.7394
73,Sun Bicycles Brickell Tandem 7 - 2017,7,749.99,0.07,697.4907,19544.7394
74,Electra Cruiser Lux 1 - 2017,7,439.99,0.07,409.1907,10432.1629
78,Sun Bicycles Biscayne Tandem CB - 2017,7,647.99,0.20,518.3920,22899.9666
81,Electra Amsterdam Fashion 7i Ladies' - 2017,7,1099.99,0.20,879.9920,39863.6376
82,Electra Amsterdam Original 3i Ladies' - 2017,7,659.99,0.07,613.7907,17793.3304
84,Sun Bicycles Lil Kitt'n - 2017,7,109.99,0.05,104.4905,2328.4883
85,Haro Downtown 16 - 2017,7,329.99,0.05,313.4905,8464.2435
88,Trek Precaliber 12 Girls - 2017,7,189.99,0.07,176.6907,5198.1264
96,Electra Moto 3i (20-inch) - Boy's - 2017,7,349.99,0.10,314.9910,9680.7234
97,Electra Savannah 3i (20-inch) - Girl's - 2017,7,349.99,0.07,325.4907,10258.2069
103,Sun Bicycles Streamway 3 - 2017,7,551.99,0.10,496.7910,19363.8092
104,Sun Bicycles Streamway - 2017,7,481.99,0.05,457.8905,12816.1141
106,Sun Bicycles Cruz 3 - 2017,7,449.99,0.07,418.4907,17036.6214
107,Sun Bicycles Cruz 7 - 2017,7,416.99,0.20,333.5920,9361.4255
111,Sun Bicycles Drifter 7 - Women's - 2017,7,470.99,0.20,376.7920,10027.3771
235,Electra Koa 3i Ladies' - 2018,7,899.99,0.10,809.9910,8819.9020
252,Electra Townie Commute Go! Ladies' - 2018,7,2999.99,0.05,2849.9905,29849.9005
30,Surly Ice Cream Truck Frameset - 2017,6,999.99,0.20,799.9920,27269.7273
32,Trek Farley Alloy Frameset - 2017,6,469.99,0.05,446.4905,11937.7460
36,Surly Troll Frameset - 2017,6,832.99,0.20,666.3920,34477.4561
39,Trek Stache 5 - 2017,6,1499.99,0.07,1394.9907,33719.7752
39,Trek Stache 5 - 2017,6,1499.99,0.20,1199.9920,33719.7752
41,Haro Shift R3 - 2017,6,1469.99,0.20,1175.9920,46980.8804
42,Trek Fuel EX 5 27.5 Plus - 2017,6,2299.99,0.10,2069.9910,67849.7050
45,Haro SR 1.2 - 2017,6,869.99,0.10,782.9910,39862.9418
46,Haro SR 1.3 - 2017,6,1409.99,0.05,1339.4905,34121.7580
48,Trek Emonda S 4 - 2017,6,1499.99,0.20,1199.9920,57359.6176
50,Trek Silque SLR 7 Women's - 2017,6,5999.99,0.20,4799.9920,163079.7282
53,Surly Ogre Frameset - 2017,6,749.99,0.05,712.4905,14909.8012
53,Surly Ogre Frameset - 2017,6,749.99,0.07,697.4907,14909.8012
53,Surly Ogre Frameset - 2017,6,749.99,0.10,674.9910,14909.8012
54,Trek Domane SL Disc Frameset - 2017,6,3199.99,0.10,2879.9910,68511.7859
56,Trek Domane SLR 6 Disc - 2017,6,5499.99,0.10,4949.9910,211584.6153
57,Trek Emonda S 5 - 2017,6,1999.99,0.20,1599.9920,41079.7946
59,Trek Domane S 5 Disc - 2017,6,2599.99,0.05,2469.9905,59513.7711
63,Trek Boone Race Shop Limited - 2017,6,3499.99,0.20,2799.9920,91244.7393
63,Trek Boone Race Shop Limited - 2017,6,3499.99,0.05,3324.9905,91244.7393
67,Sun Bicycles Revolutions 24 - Girl's - 2017,6,250.99,0.05,238.4405,5436.4434
73,Sun Bicycles Brickell Tandem 7 - 2017,6,749.99,0.10,674.9910,19544.7394
75,Electra Cruiser Lux Fat Tire 1 Ladies - 2017,6,599.99,0.07,557.9907,14747.7542
76,"""Electra Girl's Hawaii 1 16"""" - 2017""",6,299.99,0.10,269.9910,7301.7566
77,Electra Glam Punk 3i Ladies' - 2017,6,799.99,0.20,639.9920,27647.6544
79,Sun Bicycles Boardwalk (24-inch Wheels) - 2017,6,402.99,0.20,322.3920,7447.2552
79,Sun Bicycles Boardwalk (24-inch Wheels) - 2017,6,402.99,0.07,374.7807,7447.2552
83,Trek Boy's Kickster - 2015/2017,6,149.99,0.10,134.9910,3236.7842
83,Trek Boy's Kickster - 2015/2017,6,149.99,0.20,119.9920,3236.7842
85,Haro Downtown 16 - 2017,6,329.99,0.10,296.9910,8464.2435
89,Trek Precaliber 16 Boys - 2017,6,209.99,0.05,199.4905,5113.2565
97,Electra Savannah 3i (20-inch) - Girl's - 2017,6,349.99,0.05,332.4905,10258.2069
98,Electra Straight 8 3i (20-inch) - Boy's - 2017,6,489.99,0.07,455.6907,8638.5237
103,Sun Bicycles Streamway 3 - 2017,6,551.99,0.07,513.3507,19363.8092
105,Sun Bicycles Streamway 7 - 2017,6,533.99,0.05,507.2905,17637.6897
108,Sun Bicycles Cruz 3 - Women's - 2017,6,449.99,0.10,404.9910,12622.2195
109,Sun Bicycles Cruz 7 - Women's - 2017,6,416.99,0.05,396.1405,12968.3890
110,Sun Bicycles Drifter 7 - 2017,6,470.99,0.05,447.4405,10644.3740
111,Sun Bicycles Drifter 7 - Women's - 2017,6,470.99,0.05,447.4405,10027.3771
138,Trek Fuel EX 5 Plus - 2018,6,2249.99,0.05,2137.4905,12824.9430
203,Trek Powerfly 7 FS - 2018,6,4999.99,0.05,4749.9905,36499.9270
204,Trek Super Commuter+ 7 - 2018,6,3599.99,0.07,3347.9907,25847.9282
237,Electra Relic 3i - 2018,6,849.99,0.05,807.4905,4844.9430
243,Electra Townie Original 21D EQ Ladies' - 2018,6,679.99,0.05,645.9905,3875.9430
263,Strider Classic 12 Balance Bike - 2018,6,89.99,0.10,80.9910,857.6047
30,Surly Ice Cream Truck Frameset - 2017,5,999.99,0.10,899.9910,27269.7273
35,Sun Bicycles Spider 3i - 2017,5,832.99,0.20,666.3920,19491.9660
35,Sun Bicycles Spider 3i - 2017,5,832.99,0.07,774.6807,19491.9660
38,Haro Flightline Two 26 Plus - 2017,5,549.99,0.05,522.4905,14008.2453
38,Haro Flightline Two 26 Plus - 2017,5,549.99,0.10,494.9910,14008.2453
39,Trek Stache 5 - 2017,5,1499.99,0.10,1349.9910,33719.7752
41,Haro Shift R3 - 2017,5,1469.99,0.10,1322.9910,46980.8804
42,Trek Fuel EX 5 27.5 Plus - 2017,5,2299.99,0.07,2138.9907,67849.7050
44,Haro SR 1.1 - 2017,5,539.99,0.05,512.9905,10740.4011
44,Haro SR 1.1 - 2017,5,539.99,0.10,485.9910,10740.4011
47,Trek Remedy 9.8 - 2017,5,5299.99,0.07,4928.9907,105469.8010
47,Trek Remedy 9.8 - 2017,5,5299.99,0.20,4239.9920,105469.8010
49,Trek Domane SL 6 - 2017,5,3499.99,0.10,3149.9910,113644.6753
62,Trek Boone 7 - 2017,5,3499.99,0.05,3324.9905,127609.6354
64,Electra Townie Original 7D - 2017,5,489.99,0.07,455.6907,11661.7620
67,Sun Bicycles Revolutions 24 - Girl's - 2017,5,250.99,0.10,225.8910,5436.4434
69,Sun Bicycles Cruz 7 - 2017,5,416.99,0.10,375.2910,10996.0263
69,Sun Bicycles Cruz 7 - 2017,5,416.99,0.20,333.5920,10996.0263
70,Electra Amsterdam Original 3i - 2015/2017,5,659.99,0.10,593.9910,18987.9123
71,Sun Bicycles Atlas X-Type - 2017,5,416.99,0.20,333.5920,15620.4454
72,Sun Bicycles Biscayne Tandem 7 - 2017,5,619.99,0.07,576.5907,18289.7050
75,Electra Cruiser Lux Fat Tire 1 Ladies - 2017,5,599.99,0.20,479.9920,14747.7542
76,"""Electra Girl's Hawaii 1 16"""" - 2017""",5,299.99,0.20,239.9920,7301.7566
80,Sun Bicycles Brickell Tandem CB - 2017,5,761.99,0.20,609.5920,13045.2688
80,Sun Bicycles Brickell Tandem CB - 2017,5,761.99,0.05,723.8905,13045.2688
82,Electra Amsterdam Original 3i Ladies' - 2017,5,659.99,0.05,626.9905,17793.3304
82,Electra Amsterdam Original 3i Ladies' - 2017,5,659.99,0.10,593.9910,17793.3304
89,Trek Precaliber 16 Boys - 2017,5,209.99,0.07,195.2907,5113.2565
90,Trek Precaliber 16 Girls - 2017,5,209.99,0.07,195.2907,4577.7820
91,Trek Precaliber 24 (21-Speed) - Girls - 2017,5,349.99,0.10,314.9910,12179.6520
98,Electra Straight 8 3i (20-inch) - Boy's - 2017,5,489.99,0.05,465.4905,8638.5237
100,Electra Townie 3i EQ (20-inch) - Boys' - 2017,5,489.99,0.10,440.9910,17125.1505
104,Sun Bicycles Streamway - 2017,5,481.99,0.10,433.7910,12816.1141
107,Sun Bicycles Cruz 7 - 2017,5,416.99,0.10,375.2910,9361.4255
108,Sun Bicycles Cruz 3 - Women's - 2017,5,449.99,0.07,418.4907,12622.2195
110,Sun Bicycles Drifter 7 - 2017,5,470.99,0.20,376.7920,10644.3740
124,Surly Krampus - 2018,5,1499.00,0.07,1394.0700,11767.1500
180,Trek Domane AL 3 Women's - 2018,5,919.99,0.20,735.9920,6219.1324
184,Trek Domane SL 6 Disc - 2018,5,3499.99,0.20,2799.9920,17324.9505
185,Trek Conduit+ - 2018,5,2799.99,0.10,2519.9910,17807.9364
194,Trek XM700+ - 2018,5,3499.99,0.10,3149.9910,24149.9310
215,Electra Queen of Hearts 3i - 2018,5,749.99,0.07,697.4907,4162.4445
242,Electra Townie Commute 8D Ladies' - 2018,5,699.99,0.10,629.9910,5389.9230
260,Electra Townie Balloon 3i EQ Ladies' - 2018,5,799.99,0.07,743.9907,4359.9455
300,Electra Townie Balloon 3i EQ Ladies' - 2018,5,799.99,0.20,639.9920,5447.9319
304,Electra Townie Original 21D EQ - 2017/2018,5,679.99,0.10,611.9910,5439.9200
27,Surly Big Dummy Frameset - 2017,4,999.99,0.10,899.9910,27679.7232
29,Trek X-Caliber 8 - 2017,4,999.99,0.10,899.9910,30939.6906
30,Surly Ice Cream Truck Frameset - 2017,4,999.99,0.07,929.9907,27269.7273
31,Surly Wednesday - 2017,4,1632.99,0.20,1306.3920,26438.1081
32,Trek Farley Alloy Frameset - 2017,4,469.99,0.20,375.9920,11937.7460
33,Surly Wednesday Frameset - 2017,4,469.99,0.07,437.0907,14367.5943
34,Trek Session DH 27.5 Carbon Frameset - 2017,4,469.99,0.20,375.9920,6781.9557
38,Haro Flightline Two 26 Plus - 2017,4,549.99,0.20,439.9920,14008.2453
43,Trek Fuel EX 9.8 27.5 Plus - 2017,4,5299.99,0.20,4239.9920,159052.6999
44,Haro SR 1.1 - 2017,4,539.99,0.20,431.9920,10740.4011
46,Haro SR 1.3 - 2017,4,1409.99,0.10,1268.9910,34121.7580
50,Trek Silque SLR 7 Women's - 2017,4,5999.99,0.10,5399.9910,163079.7282
53,Surly Ogre Frameset - 2017,4,749.99,0.20,599.9920,14909.8012
66,Sun Bicycles Revolutions 24 - 2017,4,250.99,0.07,233.4207,8011.6008
75,Electra Cruiser Lux Fat Tire 1 Ladies - 2017,4,599.99,0.10,539.9910,14747.7542
84,Sun Bicycles Lil Kitt'n - 2017,4,109.99,0.10,98.9910,2328.4883
84,Sun Bicycles Lil Kitt'n - 2017,4,109.99,0.07,102.2907,2328.4883
89,Trek Precaliber 16 Boys - 2017,4,209.99,0.20,167.9920,5113.2565
96,Electra Moto 3i (20-inch) - Boy's - 2017,4,349.99,0.05,332.4905,9680.7234
99,Electra Sugar Skulls 1 (20-inch) - Girl's - 2017,4,299.99,0.07,278.9907,9095.6968
110,Sun Bicycles Drifter 7 - 2017,4,470.99,0.10,423.8910,10644.3740
120,Trek Fuel EX 7 29 - 2018,4,2499.99,0.20,1999.9920,7999.9680
124,Surly Krampus - 2018,4,1499.00,0.20,1199.2000,11767.1500
128,Surly ECR 27.5 - 2018,4,1899.00,0.20,1519.2000,13103.1000
142,Trek Fuel EX 8 29 XT - 2018,4,3199.99,0.07,2975.9907,29503.9078
142,Trek Fuel EX 8 29 XT - 2018,4,3199.99,0.10,2879.9910,29503.9078
155,Trek Domane SLR 9 Disc - 2018,4,11999.99,0.10,10799.9910,54359.9547
159,Trek Emonda ALR 6 - 2018,4,2299.99,0.07,2138.9907,15110.9343
160,Trek Emonda SLR 6 - 2018,4,4499.99,0.07,4184.9907,20789.9538
162,Trek Emonda SL 6 Disc - 2018,4,2999.99,0.10,2699.9910,10799.9640
163,Surly Pack Rat - 2018,4,1349.00,0.20,1079.2000,9335.0800
163,Surly Pack Rat - 2018,4,1349.00,0.07,1254.5700,9335.0800
169,Trek Emonda SLR 8 - 2018,4,6499.99,0.07,6044.9907,24179.9628
171,Trek Domane SL 6 - 2018,4,3199.99,0.05,3039.9905,23679.9260
171,Trek Domane SL 6 - 2018,4,3199.99,0.10,2879.9910,23679.9260
188,Trek XM700+ Lowstep - 2018,4,3499.99,0.20,2799.9920,20964.9401
190,Trek Dual Sport+ - 2018,4,2799.99,0.07,2603.9907,15455.9448
196,Trek Verve+ - 2018,4,2299.99,0.20,1839.9920,9544.9585
197,Trek Verve+ Lowstep - 2018,4,2299.99,0.20,1839.9920,9429.9590
205,Trek Super Commuter+ 8S - 2018,4,4999.99,0.05,4749.9905,37299.9254
207,Trek Boone 7 Disc - 2018,4,3999.99,0.10,3599.9910,28239.9294
210,Surly Straggler - 2018,4,1549.00,0.20,1239.2000,6428.3500
223,Electra Cruiser Lux 3i - 2018,4,529.99,0.07,492.8907,3455.5348
224,Electra Cruiser Lux 7D - 2018,4,479.99,0.05,455.9905,1823.9620
229,Electra Cruiser Lux 1 - 2016/2018,4,429.99,0.20,343.9920,2175.7494
234,Electra Daydreamer 3i Ladies' - 2018,4,899.99,0.05,854.9905,4949.9450
242,Electra Townie Commute 8D Ladies' - 2018,4,699.99,0.20,559.9920,5389.9230
263,Strider Classic 12 Balance Bike - 2018,4,89.99,0.20,71.9920,857.6047
268,Trek Kickster - 2018,4,159.99,0.05,151.9905,1151.9280
271,Trek Precaliber 16 Girl's - 2018,4,209.99,0.05,199.4905,1511.9280
283,Electra Heartchya 1 (20-inch) - Girl's - 2018,4,319.99,0.20,255.9920,1929.5397
292,Electra Sweet Ride 3i (20-inch) - Girls' - 2018,4,369.99,0.05,351.4905,1701.9540
295,"""Electra Treasure 1 20"""" - 2018""",4,319.99,0.20,255.9920,2835.1114
295,"""Electra Treasure 1 20"""" - 2018""",4,319.99,0.05,303.9905,2835.1114
297,"""Electra Under-The-Sea 1 16"""" - 2018""",4,279.99,0.05,265.9905,1987.9290
298,Electra Water Lily 1 (16-inch) - Girl's - 2018,4,279.99,0.05,265.9905,1315.9530
302,Electra Townie Original 1 - 2018,4,449.99,0.05,427.4905,2069.9540
306,Electra Townie Balloon 7i EQ Ladies' - 2017/2018,4,899.99,0.05,854.9905,5039.9440
308,Electra Townie Balloon 8D EQ Ladies' - 2016/2017/2018,4,749.99,0.20,599.9920,3749.9500
310,Electra Townie Commute 27D Ladies - 2018,4,899.99,0.07,836.9907,5912.9343
31,Surly Wednesday - 2017,3,1632.99,0.05,1551.3405,26438.1081
31,Surly Wednesday - 2017,3,1632.99,0.10,1469.6910,26438.1081
33,Surly Wednesday Frameset - 2017,3,469.99,0.05,446.4905,14367.5943
34,Trek Session DH 27.5 Carbon Frameset - 2017,3,469.99,0.10,422.9910,6781.9557
47,Trek Remedy 9.8 - 2017,3,5299.99,0.10,4769.9910,105469.8010
57,Trek Emonda S 5 - 2017,3,1999.99,0.07,1859.9907,41079.7946
59,Trek Domane S 5 Disc - 2017,3,2599.99,0.07,2417.9907,59513.7711
61,Trek Powerfly 8 FS Plus - 2017,3,4999.99,0.20,3999.9920,188249.6235
64,Electra Townie Original 7D - 2017,3,489.99,0.05,465.4905,11661.7620
68,Sun Bicycles Cruz 3 - 2017,3,449.99,0.20,359.9920,10673.7628
74,Electra Cruiser Lux 1 - 2017,3,439.99,0.20,351.9920,10432.1629
76,"""Electra Girl's Hawaii 1 16"""" - 2017""",3,299.99,0.05,284.9905,7301.7566
86,Trek Girl's Kickster - 2017,3,149.99,0.07,139.4907,3193.2871
88,Trek Precaliber 12 Girls - 2017,3,189.99,0.10,170.9910,5198.1264
92,Haro Shredder 20 - 2017,3,209.99,0.05,199.4905,7183.7579
102,Electra Townie Original 7D - 2017,3,489.99,0.20,391.9920,17502.4428
111,Sun Bicycles Drifter 7 - Women's - 2017,3,470.99,0.07,438.0207,10027.3771
113,Trek Marlin 5 - 2018,3,489.99,0.07,455.6907,3498.5286
119,Trek Kids' Neko - 2018,3,469.99,0.05,446.4905,2213.6529
123,Trek Farley Carbon Frameset - 2018,3,999.99,0.10,899.9910,7239.9276
123,Trek Farley Carbon Frameset - 2018,3,999.99,0.07,929.9907,7239.9276
127,Surly Pack Rat Frameset - 2018,3,469.99,0.10,422.9910,2143.1544
132,Trek Procal AL Frameset - 2018,3,1499.99,0.10,1349.9910,4049.9730
139,Trek Remedy 7 27.5 - 2018,3,2999.99,0.07,2789.9907,14069.9531
140,Trek Remedy 9.8 27.5 - 2018,3,4999.99,0.20,3999.9920,11999.9760
141,Trek Stache 5 - 2018,3,1599.99,0.07,1487.9907,10063.9371
145,Trek Domane ALR 5 Disc - 2018,3,1799.99,0.07,1673.9907,11141.9381
147,Trek Domane ALR 5 Gravel - 2018,3,1799.99,0.07,1673.9907,11681.9351
149,Trek Domane SLR 8 Disc - 2018,3,7499.99,0.05,7124.9905,27374.9635
151,Trek Domane ALR 4 Disc Women's - 2018,3,1549.99,0.07,1441.4907,9749.4371
153,Trek Domane SL 7 Women's - 2018,3,4999.99,0.05,4749.9905,31399.9372
156,Trek Domane SL Frameset - 2018,3,6499.99,0.10,5849.9910,17549.9730
158,Trek CrossRip 1 - 2018,3,959.99,0.20,767.9920,4089.5574
159,Trek Emonda ALR 6 - 2018,3,2299.99,0.05,2184.9905,15110.9343
172,Trek Domane ALR Disc Frameset - 2018,3,3199.99,0.05,3039.9905,19999.9375
173,Trek Domane ALR Frameset - 2018,3,3199.99,0.20,2559.9920,13439.9580
175,Trek Domane SLR Frameset - 2018,3,3199.99,0.07,2975.9907,8927.9721
188,Trek XM700+ Lowstep - 2018,3,3499.99,0.07,3254.9907,20964.9401
194,Trek XM700+ - 2018,3,3499.99,0.20,2799.9920,24149.9310
198,Electra Townie Commute Go! - 2018,3,2999.99,0.10,2699.9910,15749.9475
209,Trek Crockett 7 Disc - 2018,3,2999.99,0.10,2699.9910,13679.9544
214,Electra Tiger Shark 3i - 2018,3,899.99,0.10,809.9910,4103.9544
220,Electra Cruiser 1 Ladies' - 2018,3,269.99,0.10,242.9910,1482.2451
220,Electra Cruiser 1 Ladies' - 2018,3,269.99,0.07,251.0907,1482.2451
225,Electra Delivery 3i - 2016/2017/2018,3,959.99,0.20,767.9920,4953.5484
227,Electra Cruiser 7D (24-Inch) Ladies' - 2016/2018,3,319.99,0.05,303.9905,1209.5622
230,Electra Cruiser Lux 1 Ladies' - 2018,3,429.99,0.05,408.4905,3874.2099
230,Electra Cruiser Lux 1 Ladies' - 2018,3,429.99,0.10,386.9910,3874.2099
238,Electra Townie Balloon 8D EQ - 2016/2017/2018,3,749.99,0.20,599.9920,2474.9670
248,Electra Townie Original 7D EQ Ladies' - 2017/2018,3,599.99,0.20,479.9920,3683.9386
248,Electra Townie Original 7D EQ Ladies' - 2017/2018,3,599.99,0.07,557.9907,3683.9386
249,Electra White Water 3i - 2018,3,749.99,0.05,712.4905,3412.4545
251,Electra Townie Commute Go! - 2018,3,2999.99,0.10,2699.9910,16649.9445
251,Electra Townie Commute Go! - 2018,3,2999.99,0.05,2849.9905,16649.9445
252,Electra Townie Commute Go! Ladies' - 2018,3,2999.99,0.20,2399.9920,29849.9005
253,Electra Townie Go! 8i Ladies' - 2018,3,2599.99,0.07,2417.9907,14143.9456
254,Electra Townie Balloon 3i EQ - 2017/2018,3,749.99,0.20,599.9920,3172.4577
257,Electra Amsterdam Fashion 3i Ladies' - 2017/2018,3,899.99,0.05,854.9905,4004.9555
265,Strider Strider 20 Sport - 2018,3,289.99,0.05,275.4905,2305.4205
265,Strider Strider 20 Sport - 2018,3,289.99,0.10,260.9910,2305.4205
265,Strider Strider 20 Sport - 2018,3,289.99,0.20,231.9920,2305.4205
281,Electra Cruiser 7D (24-Inch) Ladies' - 2016/2018,3,319.99,0.07,297.5907,892.7721
282,Electra Cyclosaurus 1 (16-inch) - Boy's - 2018,3,279.99,0.10,251.9910,2001.9285
282,Electra Cyclosaurus 1 (16-inch) - Boy's - 2018,3,279.99,0.05,265.9905,2001.9285
293,Electra Tiger Shark 1 (20-inch) - Boys' - 2018,3,319.99,0.07,297.5907,1804.7436
293,Electra Tiger Shark 1 (20-inch) - Boys' - 2018,3,319.99,0.05,303.9905,1804.7436
297,"""Electra Under-The-Sea 1 16"""" - 2018""",3,279.99,0.20,223.9920,1987.9290
307,Electra Townie Balloon 8D EQ - 2016/2017/2018,3,749.99,0.07,697.4907,2092.4721
310,Electra Townie Commute 27D Ladies - 2018,3,899.99,0.05,854.9905,5912.9343
313,Electra Townie Original 1 Ladies' - 2018,3,449.99,0.10,404.9910,1574.9650
54,Trek Domane SL Disc Frameset - 2017,2,3199.99,0.07,2975.9907,68511.7859
67,Sun Bicycles Revolutions 24 - Girl's - 2017,2,250.99,0.07,233.4207,5436.4434
86,Trek Girl's Kickster - 2017,2,149.99,0.10,134.9910,3193.2871
94,Haro Shredder Pro 20 - 2017,2,249.99,0.07,232.4907,6227.2509
112,Trek 820 - 2018,2,379.99,0.05,360.9905,1379.3637
113,Trek Marlin 5 - 2018,2,489.99,0.10,440.9910,3498.5286
113,Trek Marlin 5 - 2018,2,489.99,0.20,391.9920,3498.5286
114,Trek Marlin 6 - 2018,2,579.99,0.20,463.9920,1467.3747
115,Trek Fuel EX 8 29 - 2018,2,3199.99,0.07,2975.9907,14431.9549
116,Trek Marlin 7 - 2017/2018,2,749.99,0.07,697.4907,2069.9724
117,Trek Ticket S Frame - 2018,2,1469.99,0.05,1396.4905,5527.1624
117,Trek Ticket S Frame - 2018,2,1469.99,0.07,1367.0907,5527.1624
118,Trek X-Caliber 8 - 2018,2,999.99,0.20,799.9920,2499.9750
119,Trek Kids' Neko - 2018,2,469.99,0.07,437.0907,2213.6529
122,Surly Troll Frameset - 2018,2,2499.99,0.20,1999.9920,11074.9557
122,Surly Troll Frameset - 2018,2,2499.99,0.05,2374.9905,11074.9557
126,Surly Big Fat Dummy Frameset - 2018,2,469.99,0.10,422.9910,2928.0377
126,Surly Big Fat Dummy Frameset - 2018,2,469.99,0.05,446.4905,2928.0377
126,Surly Big Fat Dummy Frameset - 2018,2,469.99,0.20,375.9920,2928.0377
127,Surly Pack Rat Frameset - 2018,2,469.99,0.07,437.0907,2143.1544
128,Surly ECR 27.5 - 2018,2,1899.00,0.10,1709.1000,13103.1000
128,Surly ECR 27.5 - 2018,2,1899.00,0.05,1804.0500,13103.1000
129,Trek X-Caliber 7 - 2018,2,919.99,0.10,827.9910,3983.5567
129,Trek X-Caliber 7 - 2018,2,919.99,0.20,735.9920,3983.5567
130,Trek Stache Carbon Frameset - 2018,2,919.99,0.07,855.5907,4149.1549
131,Heller Bloodhound Trail - 2018,2,2599.00,0.20,2079.2000,8992.5400
131,Heller Bloodhound Trail - 2018,2,2599.00,0.07,2417.0700,8992.5400
133,Trek Procaliber Frameset - 2018,2,1499.99,0.07,1394.9907,4139.9724
134,Trek Remedy 27.5 C Frameset - 2018,2,1499.99,0.05,1424.9905,4199.9720
135,Trek X-Caliber Frameset - 2018,2,1499.99,0.20,1199.9920,5219.9652
136,Trek Procaliber 6 - 2018,2,1799.99,0.20,1439.9920,4553.9747
137,Heller Shagamaw GX1 - 2018,2,2599.00,0.20,2079.2000,11305.6500
137,Heller Shagamaw GX1 - 2018,2,2599.00,0.10,2339.1000,11305.6500
139,Trek Remedy 7 27.5 - 2018,2,2999.99,0.05,2849.9905,14069.9531
141,Trek Stache 5 - 2018,2,1599.99,0.05,1519.9905,10063.9371
141,Trek Stache 5 - 2018,2,1599.99,0.20,1279.9920,10063.9371
142,Trek Fuel EX 8 29 XT - 2018,2,3199.99,0.05,3039.9905,29503.9078
144,Trek Domane ALR 4 Disc - 2018,2,1549.99,0.20,1239.9920,3921.4747
145,Trek Domane ALR 5 Disc - 2018,2,1799.99,0.10,1619.9910,11141.9381
145,Trek Domane ALR 5 Disc - 2018,2,1799.99,0.20,1439.9920,11141.9381
147,Trek Domane ALR 5 Gravel - 2018,2,1799.99,0.05,1709.9905,11681.9351
147,Trek Domane ALR 5 Gravel - 2018,2,1799.99,0.10,1619.9910,11681.9351
151,Trek Domane ALR 4 Disc Women's - 2018,2,1549.99,0.05,1472.4905,9749.4371
151,Trek Domane ALR 4 Disc Women's - 2018,2,1549.99,0.20,1239.9920,9749.4371
152,Trek Domane SL 5 Disc Women's - 2018,2,2499.99,0.20,1999.9920,6249.9750
153,Trek Domane SL 7 Women's - 2018,2,4999.99,0.20,3999.9920,31399.9372
158,Trek CrossRip 1 - 2018,2,959.99,0.07,892.7907,4089.5574
161,Surly ECR - 2018,2,1899.00,0.05,1804.0500,5127.3000
164,Surly Straggler 650b - 2018,2,1549.00,0.20,1239.2000,5359.5400
164,Surly Straggler 650b - 2018,2,1549.00,0.07,1440.5700,5359.5400
165,Trek 1120 - 2018,2,2499.99,0.05,2374.9905,8749.9650
165,Trek 1120 - 2018,2,2499.99,0.20,1999.9920,8749.9650
166,Trek Domane AL 2 Women's - 2018,2,749.99,0.07,697.4907,3382.4549
168,Surly Straggler - 2018,2,1549.00,0.20,1239.2000,5344.0500
172,Trek Domane ALR Disc Frameset - 2018,2,3199.99,0.10,2879.9910,19999.9375
172,Trek Domane ALR Disc Frameset - 2018,2,3199.99,0.20,2559.9920,19999.9375
173,Trek Domane ALR Frameset - 2018,2,3199.99,0.10,2879.9910,13439.9580
177,Trek Domane SLR 6 Disc - 2018,2,5499.99,0.05,5224.9905,10449.9810
178,Trek Domane AL 2 - 2018,2,749.99,0.05,712.4905,2624.9650
178,Trek Domane AL 2 - 2018,2,749.99,0.20,599.9920,2624.9650
179,Trek Domane AL 3 - 2018,2,919.99,0.07,855.5907,2585.1719
180,Trek Domane AL 3 Women's - 2018,2,919.99,0.07,855.5907,6219.1324
181,Trek Domane SL 5 - 2018,2,2199.99,0.05,2089.9905,10031.9544
181,Trek Domane SL 5 - 2018,2,2199.99,0.07,2045.9907,10031.9544
182,Trek Domane SL 5 Disc - 2018,2,2499.99,0.20,1999.9920,11074.9557
182,Trek Domane SL 5 Disc - 2018,2,2499.99,0.05,2374.9905,11074.9557
185,Trek Conduit+ - 2018,2,2799.99,0.07,2603.9907,17807.9364
186,Trek CrossRip+ - 2018,2,4499.99,0.20,3599.9920,15524.9655
187,Trek Neko+ - 2018,2,2799.99,0.07,2603.9907,7727.9724
189,Trek Lift+ Lowstep - 2018,2,2799.99,0.20,2239.9920,4479.9840
190,Trek Dual Sport+ - 2018,2,2799.99,0.10,2519.9910,15455.9448
191,Electra Loft Go! 8i - 2018,2,2799.99,0.10,2519.9910,7643.9727
193,Trek Lift+ - 2018,2,2799.99,0.20,2239.9920,12403.9557
193,Trek Lift+ - 2018,2,2799.99,0.05,2659.9905,12403.9557
198,Electra Townie Commute Go! - 2018,2,2999.99,0.20,2399.9920,15749.9475
199,Electra Townie Commute Go! Ladies' - 2018,2,2999.99,0.10,2699.9910,5399.9820
202,Trek Powerfly 5 Women's - 2018,2,3499.99,0.10,3149.9910,16204.9537
202,Trek Powerfly 5 Women's - 2018,2,3499.99,0.05,3324.9905,16204.9537
203,Trek Powerfly 7 FS - 2018,2,4999.99,0.20,3999.9920,36499.9270
204,Trek Super Commuter+ 7 - 2018,2,3599.99,0.20,2879.9920,25847.9282
205,Trek Super Commuter+ 8S - 2018,2,4999.99,0.07,4649.9907,37299.9254
205,Trek Super Commuter+ 8S - 2018,2,4999.99,0.10,4499.9910,37299.9254
207,Trek Boone 7 Disc - 2018,2,3999.99,0.20,3199.9920,28239.9294
207,Trek Boone 7 Disc - 2018,2,3999.99,0.07,3719.9907,28239.9294
208,Trek Crockett 5 Disc - 2018,2,1799.99,0.20,1439.9920,4553.9747
209,Trek Crockett 7 Disc - 2018,2,2999.99,0.07,2789.9907,13679.9544
211,Surly Straggler 650b - 2018,2,1549.00,0.05,1471.5500,2943.1000
213,Electra Cruiser 1 - 2016/2017/2018,2,269.99,0.05,256.4905,1682.0377
213,Electra Cruiser 1 - 2016/2017/2018,2,269.99,0.10,242.9910,1682.0377
213,Electra Cruiser 1 - 2016/2017/2018,2,269.99,0.20,215.9920,1682.0377
214,Electra Tiger Shark 3i - 2018,2,899.99,0.07,836.9907,4103.9544
216,Electra Super Moto 8i - 2018,2,899.99,0.20,719.9920,6443.9284
216,Electra Super Moto 8i - 2018,2,899.99,0.05,854.9905,6443.9284
216,Electra Super Moto 8i - 2018,2,899.99,0.07,836.9907,6443.9284
216,Electra Super Moto 8i - 2018,2,899.99,0.10,809.9910,6443.9284
217,Electra Straight 8 3i - 2018,2,909.99,0.20,727.9920,3121.2657
219,Electra Moto 3i - 2018,2,639.99,0.20,511.9920,2771.1567
219,Electra Moto 3i - 2018,2,639.99,0.10,575.9910,2771.1567
223,Electra Cruiser Lux 3i - 2018,2,529.99,0.05,503.4905,3455.5348
225,Electra Delivery 3i - 2016/2017/2018,2,959.99,0.07,892.7907,4953.5484
226,Electra Townie Original 21D EQ - 2017/2018,2,679.99,0.07,632.3907,4256.7374
226,Electra Townie Original 21D EQ - 2017/2018,2,679.99,0.05,645.9905,4256.7374
226,Electra Townie Original 21D EQ - 2017/2018,2,679.99,0.20,543.9920,4256.7374
228,Electra Cruiser 7D Tall - 2016/2018,2,319.99,0.10,287.9910,873.5727
229,Electra Cruiser Lux 1 - 2016/2018,2,429.99,0.07,399.8907,2175.7494
230,Electra Cruiser Lux 1 Ladies' - 2018,2,429.99,0.20,343.9920,3874.2099
230,Electra Cruiser Lux 1 Ladies' - 2018,2,429.99,0.07,399.8907,3874.2099
231,Electra Cruiser Lux 3i Ladies' - 2018,2,529.99,0.20,423.9920,1854.9650
231,Electra Cruiser Lux 3i Ladies' - 2018,2,529.99,0.05,503.4905,1854.9650
232,Electra Cruiser Lux 7D Ladies' - 2018,2,479.99,0.20,383.9920,767.9840
233,Electra Cruiser Lux Fat Tire 7D - 2018,2,639.99,0.05,607.9905,1811.1717
235,Electra Koa 3i Ladies' - 2018,2,899.99,0.20,719.9920,8819.9020
235,Electra Koa 3i Ladies' - 2018,2,899.99,0.05,854.9905,8819.9020
240,Electra Townie Commute 27D Ladies - 2018,2,899.99,0.05,854.9905,3329.9630
240,Electra Townie Commute 27D Ladies - 2018,2,899.99,0.10,809.9910,3329.9630
241,Electra Townie Commute 8D - 2018,2,749.99,0.20,599.9920,1897.4747
244,Electra Townie Original 21D Ladies' - 2018,2,559.99,0.07,520.7907,1573.5719
246,Electra Townie Original 3i EQ Ladies' - 2018,2,639.99,0.05,607.9905,1811.1717
255,Electra Townie Balloon 7i EQ Ladies' - 2017/2018,2,899.99,0.10,809.9910,2456.9727
257,Electra Amsterdam Fashion 3i Ladies' - 2017/2018,2,899.99,0.20,719.9920,4004.9555
259,Electra Amsterdam Royal 8i Ladies - 2018,2,1199.99,0.20,959.9920,3035.9747
261,Electra Townie Balloon 7i EQ - 2018,2,899.99,0.07,836.9907,2483.9724
264,Strider Sport 16 - 2018,2,249.99,0.10,224.9910,1157.4537
264,Strider Sport 16 - 2018,2,249.99,0.05,237.4905,1157.4537
268,Trek Kickster - 2018,2,159.99,0.10,143.9910,1151.9280
268,Trek Kickster - 2018,2,159.99,0.20,127.9920,1151.9280
269,Trek Precaliber 12 Boy's - 2018,2,199.99,0.07,185.9907,1061.9469
269,Trek Precaliber 12 Boy's - 2018,2,199.99,0.20,159.9920,1061.9469
271,Trek Precaliber 16 Girl's - 2018,2,209.99,0.20,167.9920,1511.9280
271,Trek Precaliber 16 Girl's - 2018,2,209.99,0.10,188.9910,1511.9280
274,Trek Precaliber 20 Boy's - 2018,2,229.99,0.20,183.9920,781.9660
274,Trek Precaliber 20 Boy's - 2018,2,229.99,0.10,206.9910,781.9660
275,Trek Precaliber 20 Girl's - 2018,2,229.99,0.20,183.9920,1011.9560
275,Trek Precaliber 20 Girl's - 2018,2,229.99,0.05,218.4905,1011.9560
276,Trek Precaliber 24 (7-Speed) - Boys - 2018,2,319.99,0.10,287.9910,1129.5647
278,Trek Precaliber 24 21-speed Girl's - 2018,2,369.99,0.10,332.9910,665.9820
282,Electra Cyclosaurus 1 (16-inch) - Boy's - 2018,2,279.99,0.20,223.9920,2001.9285
283,Electra Heartchya 1 (20-inch) - Girl's - 2018,2,319.99,0.05,303.9905,1929.5397
286,"""Electra Starship 1 16"""" - 2018""",2,279.99,0.10,251.9910,1212.3567
286,"""Electra Starship 1 16"""" - 2018""",2,279.99,0.20,223.9920,1212.3567
289,"""Electra Superbolt 1 20"""" - 2018""",2,319.99,0.05,303.9905,607.9810
295,"""Electra Treasure 1 20"""" - 2018""",2,319.99,0.07,297.5907,2835.1114
300,Electra Townie Balloon 3i EQ Ladies' - 2018,2,799.99,0.07,743.9907,5447.9319
301,Electra Townie Balloon 7i EQ - 2018,2,899.99,0.07,836.9907,4013.9554
301,Electra Townie Balloon 7i EQ - 2018,2,899.99,0.10,809.9910,4013.9554
303,Electra Townie Go! 8i - 2017/2018,2,2599.99,0.07,2417.9907,4835.9814
304,Electra Townie Original 21D EQ - 2017/2018,2,679.99,0.05,645.9905,5439.9200
304,Electra Townie Original 21D EQ - 2017/2018,2,679.99,0.20,543.9920,5439.9200
306,Electra Townie Balloon 7i EQ Ladies' - 2017/2018,2,899.99,0.10,809.9910,5039.9440
308,Electra Townie Balloon 8D EQ Ladies' - 2016/2017/2018,2,749.99,0.10,674.9910,3749.9500
311,Electra Townie Commute 8D - 2018,2,749.99,0.20,599.9920,1874.9750
312,Electra Townie Commute 8D Ladies' - 2018,2,699.99,0.10,629.9910,1259.9820
314,Electra Townie Original 21D EQ Ladies' - 2018,2,679.99,0.20,543.9920,1087.9840
315,Electra Townie Original 21D Ladies' - 2018,2,559.99,0.05,531.9905,1063.9810
34,Trek Session DH 27.5 Carbon Frameset - 2017,1,469.99,0.07,437.0907,6781.9557
37,Haro Flightline One ST - 2017,1,379.99,0.05,360.9905,10430.7255
83,Trek Boy's Kickster - 2015/2017,1,149.99,0.07,139.4907,3236.7842
90,Trek Precaliber 16 Girls - 2017,1,209.99,0.05,199.4905,4577.7820
98,Electra Straight 8 3i (20-inch) - Boy's - 2017,1,489.99,0.10,440.9910,8638.5237
112,Trek 820 - 2018,1,379.99,0.07,353.3907,1379.3637
112,Trek 820 - 2018,1,379.99,0.20,303.9920,1379.3637
113,Trek Marlin 5 - 2018,1,489.99,0.05,465.4905,3498.5286
114,Trek Marlin 6 - 2018,1,579.99,0.07,539.3907,1467.3747
115,Trek Fuel EX 8 29 - 2018,1,3199.99,0.10,2879.9910,14431.9549
115,Trek Fuel EX 8 29 - 2018,1,3199.99,0.20,2559.9920,14431.9549
115,Trek Fuel EX 8 29 - 2018,1,3199.99,0.05,3039.9905,14431.9549
116,Trek Marlin 7 - 2017/2018,1,749.99,0.10,674.9910,2069.9724
118,Trek X-Caliber 8 - 2018,1,999.99,0.10,899.9910,2499.9750
122,Surly Troll Frameset - 2018,1,2499.99,0.07,2324.9907,11074.9557
123,Trek Farley Carbon Frameset - 2018,1,999.99,0.05,949.9905,7239.9276
123,Trek Farley Carbon Frameset - 2018,1,999.99,0.20,799.9920,7239.9276
126,Surly Big Fat Dummy Frameset - 2018,1,469.99,0.07,437.0907,2928.0377
129,Trek X-Caliber 7 - 2018,1,919.99,0.07,855.5907,3983.5567
130,Trek Stache Carbon Frameset - 2018,1,919.99,0.20,735.9920,4149.1549
130,Trek Stache Carbon Frameset - 2018,1,919.99,0.05,873.9905,4149.1549
130,Trek Stache Carbon Frameset - 2018,1,919.99,0.10,827.9910,4149.1549
133,Trek Procaliber Frameset - 2018,1,1499.99,0.10,1349.9910,4139.9724
134,Trek Remedy 27.5 C Frameset - 2018,1,1499.99,0.10,1349.9910,4199.9720
135,Trek X-Caliber Frameset - 2018,1,1499.99,0.07,1394.9907,5219.9652
135,Trek X-Caliber Frameset - 2018,1,1499.99,0.05,1424.9905,5219.9652
136,Trek Procaliber 6 - 2018,1,1799.99,0.07,1673.9907,4553.9747
137,Heller Shagamaw GX1 - 2018,1,2599.00,0.05,2469.0500,11305.6500
143,Trek Domane ALR 3 - 2018,1,1099.99,0.07,1022.9907,1022.9907
144,Trek Domane ALR 4 Disc - 2018,1,1549.99,0.07,1441.4907,3921.4747
146,Trek Domane SLR 6 - 2018,1,4999.99,0.20,3999.9920,8499.9830
146,Trek Domane SLR 6 - 2018,1,4999.99,0.10,4499.9910,8499.9830
148,Trek Domane SL 8 Disc - 2018,1,5499.99,0.05,5224.9905,14739.9732
148,Trek Domane SL 8 Disc - 2018,1,5499.99,0.20,4399.9920,14739.9732
148,Trek Domane SL 8 Disc - 2018,1,5499.99,0.07,5114.9907,14739.9732
149,Trek Domane SLR 8 Disc - 2018,1,7499.99,0.20,5999.9920,27374.9635
150,Trek Emonda SL 7 - 2018,1,4499.99,0.05,4274.9905,12059.9732
150,Trek Emonda SL 7 - 2018,1,4499.99,0.07,4184.9907,12059.9732
150,Trek Emonda SL 7 - 2018,1,4499.99,0.20,3599.9920,12059.9732
152,Trek Domane SL 5 Disc Women's - 2018,1,2499.99,0.10,2249.9910,6249.9750
153,Trek Domane SL 7 Women's - 2018,1,4999.99,0.10,4499.9910,31399.9372
153,Trek Domane SL 7 Women's - 2018,1,4999.99,0.07,4649.9907,31399.9372
155,Trek Domane SLR 9 Disc - 2018,1,11999.99,0.07,11159.9907,54359.9547
157,Trek Domane SL Frameset Women's - 2018,1,6499.99,0.05,6174.9905,6174.9905
160,Trek Emonda SLR 6 - 2018,1,4499.99,0.10,4049.9910,20789.9538
161,Surly ECR - 2018,1,1899.00,0.20,1519.2000,5127.3000
166,Trek Domane AL 2 Women's - 2018,1,749.99,0.20,599.9920,3382.4549
166,Trek Domane AL 2 Women's - 2018,1,749.99,0.10,674.9910,3382.4549
166,Trek Domane AL 2 Women's - 2018,1,749.99,0.05,712.4905,3382.4549
167,Surly ECR Frameset - 2018,1,749.99,0.05,712.4905,712.4905
168,Surly Straggler - 2018,1,1549.00,0.05,1471.5500,5344.0500
168,Surly Straggler - 2018,1,1549.00,0.10,1394.1000,5344.0500
170,Trek CrossRip 2 - 2018,1,1299.99,0.07,1208.9907,1208.9907
174,Trek Domane SLR Disc Frameset - 2018,1,3199.99,0.20,2559.9920,2559.9920
176,Trek Madone 9 Frameset - 2018,1,3199.99,0.07,2975.9907,2975.9907
179,Trek Domane AL 3 - 2018,1,919.99,0.05,873.9905,2585.1719
180,Trek Domane AL 3 Women's - 2018,1,919.99,0.10,827.9910,6219.1324
181,Trek Domane SL 5 - 2018,1,2199.99,0.20,1759.9920,10031.9544
182,Trek Domane SL 5 Disc - 2018,1,2499.99,0.07,2324.9907,11074.9557
183,Trek Domane SL 5 Women's - 2018,1,2199.99,0.20,1759.9920,1759.9920
184,Trek Domane SL 6 Disc - 2018,1,3499.99,0.05,3324.9905,17324.9505
186,Trek CrossRip+ - 2018,1,4499.99,0.10,4049.9910,15524.9655
186,Trek CrossRip+ - 2018,1,4499.99,0.05,4274.9905,15524.9655
187,Trek Neko+ - 2018,1,2799.99,0.10,2519.9910,7727.9724
191,Electra Loft Go! 8i - 2018,1,2799.99,0.07,2603.9907,7643.9727
192,Electra Townie Go! 8i - 2017/2018,1,2599.99,0.05,2469.9905,2469.9905
193,Trek Lift+ - 2018,1,2799.99,0.07,2603.9907,12403.9557
196,Trek Verve+ - 2018,1,2299.99,0.05,2184.9905,9544.9585
197,Trek Verve+ Lowstep - 2018,1,2299.99,0.10,2069.9910,9429.9590
198,Electra Townie Commute Go! - 2018,1,2999.99,0.05,2849.9905,15749.9475
200,Trek Powerfly 5 - 2018,1,3499.99,0.07,3254.9907,3254.9907
201,Trek Powerfly 5 FS - 2018,1,4499.99,0.05,4274.9905,4274.9905
202,Trek Powerfly 5 Women's - 2018,1,3499.99,0.07,3254.9907,16204.9537
206,Trek Boone 5 Disc - 2018,1,3299.99,0.10,2969.9910,6038.9817
206,Trek Boone 5 Disc - 2018,1,3299.99,0.07,3068.9907,6038.9817
208,Trek Crockett 5 Disc - 2018,1,1799.99,0.07,1673.9907,4553.9747
210,Surly Straggler - 2018,1,1549.00,0.05,1471.5500,6428.3500
212,Electra Townie Original 21D - 2018,1,559.99,0.07,520.7907,520.7907
213,Electra Cruiser 1 - 2016/2017/2018,1,269.99,0.07,251.0907,1682.0377
215,Electra Queen of Hearts 3i - 2018,1,749.99,0.10,674.9910,4162.4445
217,Electra Straight 8 3i - 2018,1,909.99,0.10,818.9910,3121.2657
217,Electra Straight 8 3i - 2018,1,909.99,0.07,846.2907,3121.2657
218,Electra Cruiser 7D - 2016/2017/2018,1,319.99,0.05,303.9905,303.9905
219,Electra Moto 3i - 2018,1,639.99,0.07,595.1907,2771.1567
221,Electra Cruiser 7D Ladies' - 2016/2018,1,319.99,0.05,303.9905,591.9815
221,Electra Cruiser 7D Ladies' - 2016/2018,1,319.99,0.10,287.9910,591.9815
222,Electra Cruiser 1 Tall - 2016/2018,1,269.99,0.10,242.9910,242.9910
223,Electra Cruiser Lux 3i - 2018,1,529.99,0.10,476.9910,3455.5348
225,Electra Delivery 3i - 2016/2017/2018,1,959.99,0.10,863.9910,4953.5484
226,Electra Townie Original 21D EQ - 2017/2018,1,679.99,0.10,611.9910,4256.7374
227,Electra Cruiser 7D (24-Inch) Ladies' - 2016/2018,1,319.99,0.07,297.5907,1209.5622
228,Electra Cruiser 7D Tall - 2016/2018,1,319.99,0.07,297.5907,873.5727
233,Electra Cruiser Lux Fat Tire 7D - 2018,1,639.99,0.07,595.1907,1811.1717
234,Electra Daydreamer 3i Ladies' - 2018,1,899.99,0.10,809.9910,4949.9450
234,Electra Daydreamer 3i Ladies' - 2018,1,899.99,0.20,719.9920,4949.9450
236,Electra Morningstar 3i Ladies' - 2018,1,749.99,0.05,712.4905,2009.9732
236,Electra Morningstar 3i Ladies' - 2018,1,749.99,0.07,697.4907,2009.9732
236,Electra Morningstar 3i Ladies' - 2018,1,749.99,0.20,599.9920,2009.9732
238,Electra Townie Balloon 8D EQ - 2016/2017/2018,1,749.99,0.10,674.9910,2474.9670
239,Electra Townie Balloon 8D EQ Ladies' - 2016/2017/2018,1,749.99,0.10,674.9910,674.9910
241,Electra Townie Commute 8D - 2018,1,749.99,0.07,697.4907,1897.4747
244,Electra Townie Original 21D Ladies' - 2018,1,559.99,0.05,531.9905,1573.5719
245,Electra Townie Original 3i EQ - 2017/2018,1,659.99,0.05,626.9905,1834.7722
245,Electra Townie Original 3i EQ - 2017/2018,1,659.99,0.07,613.7907,1834.7722
245,Electra Townie Original 3i EQ - 2017/2018,1,659.99,0.10,593.9910,1834.7722
246,Electra Townie Original 3i EQ Ladies' - 2018,1,639.99,0.07,595.1907,1811.1717
247,Electra Townie Original 7D EQ - 2018,1,599.99,0.10,539.9910,1019.9830
247,Electra Townie Original 7D EQ - 2018,1,599.99,0.20,479.9920,1019.9830
248,Electra Townie Original 7D EQ Ladies' - 2017/2018,1,599.99,0.05,569.9905,3683.9386
249,Electra White Water 3i - 2018,1,749.99,0.10,674.9910,3412.4545
249,Electra White Water 3i - 2018,1,749.99,0.20,599.9920,3412.4545
250,Electra Townie Go! 8i - 2017/2018,1,2599.99,0.07,2417.9907,2417.9907
252,Electra Townie Commute Go! Ladies' - 2018,1,2999.99,0.10,2699.9910,29849.9005
253,Electra Townie Go! 8i Ladies' - 2018,1,2599.99,0.05,2469.9905,14143.9456
253,Electra Townie Go! 8i Ladies' - 2018,1,2599.99,0.20,2079.9920,14143.9456
253,Electra Townie Go! 8i Ladies' - 2018,1,2599.99,0.10,2339.9910,14143.9456
254,Electra Townie Balloon 3i EQ - 2017/2018,1,749.99,0.07,697.4907,3172.4577
254,Electra Townie Balloon 3i EQ - 2017/2018,1,749.99,0.10,674.9910,3172.4577
255,Electra Townie Balloon 7i EQ Ladies' - 2017/2018,1,899.99,0.07,836.9907,2456.9727
256,Electra Townie Commute 27D - 2018,1,899.99,0.10,809.9910,809.9910
258,Electra Amsterdam Royal 8i - 2017/2018,1,1259.90,0.10,1133.9100,1133.9100
259,Electra Amsterdam Royal 8i Ladies - 2018,1,1199.99,0.07,1115.9907,3035.9747
260,Electra Townie Balloon 3i EQ Ladies' - 2018,1,799.99,0.20,639.9920,4359.9455
261,Electra Townie Balloon 7i EQ - 2018,1,899.99,0.10,809.9910,2483.9724
262,Trek MT 201 - 2018,1,249.99,0.10,224.9910,224.9910
263,Strider Classic 12 Balance Bike - 2018,1,89.99,0.07,83.6907,857.6047
264,Strider Sport 16 - 2018,1,249.99,0.07,232.4907,1157.4537
266,Trek Superfly 20 - 2018,1,399.99,0.10,359.9910,359.9910
269,Trek Precaliber 12 Boy's - 2018,1,199.99,0.05,189.9905,1061.9469
269,Trek Precaliber 12 Boy's - 2018,1,199.99,0.10,179.9910,1061.9469
270,Trek Precaliber 16 Boy's - 2018,1,209.99,0.05,199.4905,199.4905
272,Trek Precaliber 20 6-speed Boy's - 2018,1,289.99,0.10,260.9910,492.9830
272,Trek Precaliber 20 6-speed Boy's - 2018,1,289.99,0.20,231.9920,492.9830
273,Trek Precaliber 20 6-speed Girl's - 2018,1,289.99,0.07,269.6907,269.6907
275,Trek Precaliber 20 Girl's - 2018,1,229.99,0.10,206.9910,1011.9560
276,Trek Precaliber 24 (7-Speed) - Boys - 2018,1,319.99,0.20,255.9920,1129.5647
276,Trek Precaliber 24 (7-Speed) - Boys - 2018,1,319.99,0.07,297.5907,1129.5647
277,Trek Precaliber 24 21-speed Boy's - 2018,1,369.99,0.20,295.9920,640.0827
277,Trek Precaliber 24 21-speed Boy's - 2018,1,369.99,0.07,344.0907,640.0827
279,Trek Precaliber 24 7-speed Girl's - 2018,1,319.99,0.20,255.9920,255.9920
280,Trek Superfly 24 - 2017/2018,1,489.99,0.05,465.4905,465.4905
283,Electra Heartchya 1 (20-inch) - Girl's - 2018,1,319.99,0.07,297.5907,1929.5397
285,Electra Soft Serve 1 (16-inch) - Girl's - 2018,1,279.99,0.20,223.9920,223.9920
286,"""Electra Starship 1 16"""" - 2018""",1,279.99,0.07,260.3907,1212.3567
287,Electra Straight 8 1 (16-inch) - Boy's - 2018,1,279.99,0.05,265.9905,265.9905
288,Electra Straight 8 1 (20-inch) - Boy's - 2018,1,389.99,0.07,362.6907,362.6907
290,"""Electra Superbolt 3i 20"""" - 2018""",1,369.99,0.05,351.4905,351.4905
292,Electra Sweet Ride 3i (20-inch) - Girls' - 2018,1,369.99,0.20,295.9920,1701.9540
294,Electra Tiger Shark 3i (20-inch) - Boys' - 2018,1,369.99,0.10,332.9910,332.9910
296,"""Electra Treasure 3i 20"""" - 2018""",1,369.99,0.20,295.9920,295.9920
297,"""Electra Under-The-Sea 1 16"""" - 2018""",1,279.99,0.10,251.9910,1987.9290
298,Electra Water Lily 1 (16-inch) - Girl's - 2018,1,279.99,0.10,251.9910,1315.9530
299,Electra Townie Original 21D - 2018,1,559.99,0.20,447.9920,447.9920
300,Electra Townie Balloon 3i EQ Ladies' - 2018,1,799.99,0.05,759.9905,5447.9319
301,Electra Townie Balloon 7i EQ - 2018,1,899.99,0.20,719.9920,4013.9554
302,Electra Townie Original 1 - 2018,1,449.99,0.20,359.9920,2069.9540
305,Electra Townie Balloon 3i EQ - 2017/2018,1,749.99,0.10,674.9910,674.9910
309,Electra Townie Commute 27D - 2018,1,899.99,0.07,836.9907,836.9907
311,Electra Townie Commute 8D - 2018,1,749.99,0.10,674.9910,1874.9750
313,Electra Townie Original 1 Ladies' - 2018,1,449.99,0.20,359.9920,1574.9650
